keyword,title,author,like
短剧发行人怎么赚钱,短剧推广怎么做。 #短剧发行人计划 #短剧推广,杰小杰同学丶（自媒体教学）,8.3万
短剧发行人怎么赚钱,从0基础到赚钱 AI漫剧全流程拆解 #AI漫剧 #即梦AI #Seedance2.0,熊迪来了,6.8万
短剧发行人怎么赚钱,短剧推广“零基础月入过万”？受害人忙活一个月实际入账47.84元,央视网,5.9万
短剧发行人怎么赚钱,不推荐大家去做AI漫剧行业 #大学生#应届生#AI #找工作#行业,冤种小徐,4.6万
短剧发行人怎么赚钱,小白第一次手搓AI漫剧，成本1715元，到底能赚多少钱？ 我替大家试了试，IP版权、制作、发行、审核｜全流程经验分享 #AI漫剧 #AI短剧 #短剧 #短剧发行 #手搓漫剧,星予Shinyo✨,4.2万
短剧发行人怎么赚钱,实测天天短剧看视频赚钱软件，耗时6天赚了1130元，真能提现吗 #看视频赚钱 #刷视频赚钱app #实测,嘴强开箱,3.7万
短剧发行人怎么赚钱,【AI短剧真实分享】 7月全新整理事情开始不对劲了#AI漫剧 #AI #AI短剧 #AI提示词,不吃芭乐a（私信不回👀主页）,3.5万
短剧发行人怎么赚钱,普通人勇闯ai漫剧｜是真颠也是真好玩呀～ #ai漫剧 #AI短剧#赚钱思维#小云雀 #短剧,是懒洋洋,2.6万
短剧发行人,花了1988学的短剧玩法，两分钟实操教学 #短剧变现 #短剧发行人计划 #星图短剧 #短视频变现 #自媒体变现,西哥自媒体,1.6万
短剧发行人怎么赚钱,#抖音小游戏 #青年创作者成长计划 #抖音精选 #星图小游戏 13个粉丝也能在抖音赚钱,吴云舟,9443
带剧达人,带剧达人官方授权入口来啦，赶紧收藏起来!带剧达人怎么拿到授权短剧怎么做？#短剧 #短剧推广 #短视频创业 #短剧达人 #带剧达人,贾哥自媒体,9041
带剧达人,最新，最新，最新，最新的来啦，宝货合集‼️‼️最近很多宝子来问我，怎么去弄啊，是不是要收💰的啊，我在这里说明哦，是M F的app哦，但需要知道怎么去用就可以，打算了解短剧推广的看这个就够啦，可以自己先摸索下不要直接去乱花💰，浪费啦！不懂的可以问我哦，看这里！！！看这里！！！视频最重要的东西‼️‼️使用剪辑软件（剪映，王牌智媒）O F丝软件（右豹） #巨量星图 #口播#新人#创作者中心 #创作灵感,小朱小朱,8928
短剧发行人怎么赚钱,短剧爆火？短剧也能赚大钱？ 一个视频带你详解短剧！ #短剧 #编导 #干货分享 #知识,张暴撕,7548
短剧发行人怎么赚钱,缺钱就用这个短剧软件，边刷剧边赚钱~,出海-康康剧场,6328
带剧达人,短剧推广个人真实现状 对，没错正是老夫，短剧推广一个半月个人真实现状反馈，仅代表个人，请勿对号入座#干货分享 #短剧推广 #自媒体创业 #知识分享 #新手小白,宫二,5993
带剧达人,短剧授权平台入口来喽#短剧推广 #带剧达人 #带剧达人入口 #短剧授权入口 #巨量星图,贾哥自媒体,5803
短剧发行人怎么赚钱,“零基础月入过万”短剧推广成“最强副业”？（央视频号：新闻来了）,央视频,5746
星图短剧任务,三分钟教你做星图短剧任务变现 #短剧推荐 #短剧推广 #短视频变现 #短视频教学 #自媒体教学,西哥自媒体,5540
短剧发行人怎么赚钱,短剧推广怎么做？2分钟时间告诉你，你就会啦#美光相伴#短剧#小说推文#短剧推广 #兼职,是懒洋洋,4996
带剧达人,带剧达人官方授权入口！0粉丝如何做短剧推广？带剧达人授权、剪辑、发布完整流程！纯干货！收藏悄悄学起来！#短剧 #带剧达人 #短剧达人 #短剧推广 #巨量星图短剧发行人计划,贾哥自媒体,4780
星图短剧任务,短剧入口更新，接任务下素材 #短剧发行人计划 #素材下载 #短剧推广 #新手做抖音 #短视频教学,西哥自媒体,3537
短剧推广授权,短剧推广流程#短剧,浅浅.,2878
短剧发行人计划,短剧推广详细的流程来了#短剧推广 #短剧推荐,浅浅.,2603
短剧发行人,短剧发行人计划全流程，简单3步你也能学会#短剧推广 #短剧发行人计划 #抖音短剧新番计划 #短剧达人 #乐享计划,霞姐说创业,2579
短剧发行人怎么赚钱,一对夫妇做短剧每月进账4亿多？业内人士称八成短剧亏损,海报新闻,2466
星图短剧任务,抖音发布星图短剧任务基础实操步骤,平安健康。,2456
短剧发行人,短剧发行人计划，抖音短剧爆单流程#抖音短剧 #短剧发行人计划 #短剧推广 #星图短剧 #抖音在网络视听大会发布4部短剧,九菜夫妇,2267
短剧发行人怎么赚钱,不上班的100种赚钱方式——短剧推广！ #王牌智剪Ai#Ai工具#短剧推广#搞钱路子#不上班怎么赚钱,七瓦,2009
短剧推广授权,你没有见过的短剧推广全新版本❗ #干货分享 #干货分享 #涨知识 #短剧推广 #u客直谈,小U不知道,1939
短剧推广授权,10秒曝光一个黑心副业！今天爆#漫剧 #推广 #干货知识分享 #抖音精选推荐怎么切换 #信息差,老实人轻创业,1509
短剧推广授权,短剧推广到底怎么赚钱？4步全流程给你讲透！#短剧推广 #短剧推广授权渠道 #新手教程,康康爱分享,1438
短剧推广授权,一分钟学会短剧授权 #短剧授权 #短剧发行人计划 #星图短剧 #短视频教学 #短视频教程,西哥自媒体,1430
星图短剧任务,短剧授权接任务下素材 #短剧授权 #星图短剧 #短剧发行人计划 #短剧推广 #新手做抖音,西哥自媒体,1273
星图短剧任务,一分钟教会你短剧如何接任务 #短剧发行人计划 #星图商单 #短剧解说 #短视频教学 #短视频教程,西哥自媒体,1202
短剧推广授权,普通人怎么拿短剧推广授权：这4个渠道我亲测好用！ #短剧推广 #短剧推广授权平台 #U客直谈 #短剧推广授权,王丝丝,1101
星图短剧任务,短剧二创玩法流程 #短剧二创 #短剧推广 #短剧发行人计划 #短剧授权 #短视频创业,西哥自媒体,1098
带剧达人,短剧推广详细讲解,贾哥自媒体,922
星图短剧任务,短剧推广如何获取免费授权，如何挂载小程序变现，保姆级教程 #短剧推广 #短剧推广任务平台 #短剧授权 #短剧挂载 #小程序挂载,风行视频小程序,815
短剧发行人,短剧发行人计划太香了！#短剧发现人计划 #短剧二创 #短剧解说 #爆款短剧 @剧推推,橙子,798
短剧发行人计划,别再砸钱花算力做ai短剧，试试这个低成本就能获取分成的邪修玩法#ai教程,阿康AI自媒体,787
短剧发行人,短剧推广真香，咱普通人又领工资了！#自媒体 #短视频变现 #干货分享 #短剧推广 #互联网创业,洛利轻创业,784
短剧推广授权,短剧推广授权渠道有哪些？推剧党认准下面五个平台！#推剧 #短剧推广 #短剧推广授权 #U客直谈#短剧发行人计划,初夏,761
短剧推广授权,抖音还能赚钱，#小技巧你学会了吗,Ham,713
带剧达人,0粉短剧受权#短剧推广 #短剧授权 #带剧达人 #短剧授权入口 #巨量星图,天耀轻创业笔记,662
短剧发行人怎么赚钱,#三四天拍一部的微短剧赚钱吗 ？有演员日薪能达到两万元！业内称一部剧能分到100万就很不错,中新经纬,639
星图短剧任务,巨量星图怎么玩一条视频给你说清楚 #巨量星图#短剧任务#短剧推荐#短剧来了#短剧制作,季平聊短视频,611
短剧发行人,0粉丝想做短剧短剧推广？竟然还可以这样！#短剧推广 #短剧发行人计划 #短剧授权 #短剧推广任务平台 #自媒体,九菜夫妇,585
短剧发行人,短剧推广怎么赚钱：全套干货新手快收好！ #短剧推广怎么赚钱 #短剧推广 #自媒体 #U客直谈 #短剧发行人计划,简单🌷,579
带剧达人,#短剧 #短剧推广 #短剧 怎么做#带剧达人 #耀哥工具箱,天耀轻创业笔记,564
短剧发行人怎么赚钱,夫妇俩做短剧每月进账4亿多？业内人士：短剧赛道八成项目亏损,经视直播,501
带剧达人,#短剧推广任务 现在很多人都在质疑这个短剧推广任务，几天我就以小号给大家演示一下。#短剧推广 #带剧达人 #带剧达人授权申请入口 #短剧任务,🌈短剧²⁰喲👀,483
星图短剧任务,如何参加短剧变现任务？发布挂链接的短剧？#干货分享,向南自媒体,476
星图短剧任务,如何参与星图短剧任务变现，如何发短剧才有收益，如何挂载短剧链接，以及有什么门槛，包括如何授权#星图任务 #短剧任务,向南自媒体,447
带剧达人,#短剧达人 今年7月刚刚推出了一个新职业，叫做短剧达人，抓住这个机会，你就是第一个吃面包的人#创业 #短剧推广,悦姐说创业,437
带剧达人,平台新职业，带剧达人上线。一边看爽剧，还能一边赚钱的机会来了！#带剧达人 #短剧推广 #短视频运营 #赚钱思维,黑马流量笔记,435
星图短剧任务,短剧授权免费了抖音官方入口真实靠谱 #知识分享 #短剧推广#短剧制作#星图任务#短剧推荐@点这里领博主资料包,季平聊短视频,423
短剧推广授权,短剧推广不拿授权就开始推？千万别这么做！这3个短剧推广免费授权渠道给你 #短剧推广 #U客直谈#蕃茄达人中心 #巨量星图 #短剧推广授权,Ha尼,358
星图短剧任务,宝子们快来参与吧！#短剧 #短剧推广 #干货分享,京喜轻创业💕,286
短剧发行人,新手做短剧推广怎么赚钱：一条视频讲清楚！ #短剧推广怎么做 #短剧推广赚钱 #短剧推广 #U客直谈 #短剧发行人计划,不失可爱,235
星图短剧任务,1600的播放搞了15块5 #短剧推广 #二创 #二创剪辑 #短剧 #短视频教学,西哥自媒体,219
星图短剧任务,短剧素材下载1分30秒搞定 #素材下载 #短剧推广 #短剧推荐 #短视频教学 #短视频教程,西哥自媒体,186
短剧推广授权,短剧推广，短剧授权的详细实操流程。授权获取+实操思路。#短剧推广 #短剧授权 #短剧 #运营 #项目,启航红书,177
星图短剧任务,一条短剧16万 #短剧推广 #星图短剧 #短剧解说 #新手做抖音 #短视频创业,西哥自媒体,171
带剧达人,#短剧推广计划官方入口 #热门短剧推荐 #短剧推广 #热门短剧每天更新 #新短剧推荐 @短剧小助手 @短剧推广达人 @短剧达人,龙凤呈祥,145
带剧达人,#短剧推广 #带剧达人 #短剧 #干货分享 #短剧发行人计划,贾哥自媒体,143
短剧发行人计划,短剧推广没有粉丝怎么做？#短剧#短剧推广,浅浅.,138
带剧达人,宣传视频1-8集 #ai短剧 #ai短剧推广 #短剧推荐 #我的观影报告 #热门短剧推荐,冬日剧场,130
星图短剧任务,1000粉如何推广短剧，新手小白三步骤学会，简单易懂一点玩爆流量 #创业项目 #兼职副业 #短剧推广短剧剪辑教程 #短剧推广怎么做 #短剧推广授权在哪获取 #短剧推广教程 #短剧推广任务入口,剪辑遇見💕,89
短剧发行人,#巨量星图短剧发行人计划 #星图短剧千亿流量扶持 #新热荐片官 #短剧,勇哥,86
短剧推广授权,短剧授权套路，亲身入局 #短剧内容 #短剧授权骗局 #短剧新板块 #从业避坑指南,小举人语文王老师,86
短剧推广授权,短剧推广授权去哪找：5个渠道真实测评，坑都替你踩过了 #短剧 #短剧推广 #U客直谈 #短剧发行人计划 #短剧推广授权,彭双菊,83
短剧推广授权,两千多买个短剧推广授权？完全没必要，掌握这2个短剧推广免费授权入口#短剧推广#短剧推广免费授权入口#U客直谈#推剧#短剧授权,菲菲妈,83
短剧发行人,#短剧推广授权 短剧推广是否收费？,希望,81
短剧推广授权,#剧小二 #剧小二短剧教学 #短剧推广 一分钟教会你怎么做短剧cps,剧小二短剧教学,69
星图短剧任务,发了10条作品有大概5条出了 #短剧推广 #短剧解说 #二创 #短视频教学 #短视频教程,西哥自媒体,63
短剧发行人,2026年一定要做短剧推广#短剧 #自媒体,浅浅.,47
星图短剧任务,做短剧推广怎么接任务？怎么赚钱？怎么从抖音小程序推广计划接任务#短剧推广 #短剧解说,虎虎影视【收学员】,39
带剧达人,#短剧达人 手把手教你做带剧达人系列,橙乐自媒体,34
短剧发行人,2025短剧新玩法，从抖音就能加入的短剧发行人计划你知道吗 #短剧 #短剧任务 #短剧推广 #短剧推广任务 #短剧发行人计划,武汉园林,29
短剧发行人计划,#巨量星图短剧发行人计划 #喜欢追剧的看过来 #星图短剧 #短剧推荐 #巨量星图短剧发行人,愤怒的小豆豆,22
短剧发行人计划,#巨量星图短剧发行人计划 #每天持续更新好剧 #百亿好剧好看计划 #因为一个片段看了整部剧,哎呀短剧,21
短剧发行人,短剧发行人计划，保姆级喂饭教程#互联网创业 #短视频运营 #短剧发行人计划 #项目拆解 #自媒体,白君思维说,13
短剧发行人计划,#巨量星图短剧发行人计划 #抖音短剧剧有引力计划 #因为一个片段看了整部剧 #抖音短剧新番计划 #巨量星图短剧发起人计划,追剧助手,13
带剧达人,带剧达人火了，你做了没有？这个是新风口吗？#带剧达人 #新风口 #如何做带剧达人,用户6382839193）,12
短剧发行人计划,#巨量星图短剧发行人计划 #抖音短剧新番计划 #抖音短剧剧有引力计划 #抖音热播短剧推荐 #一起追剧,滢慕,12
带剧达人,#短剧 #带剧达人 #短剧来了 #抖音短剧 #百亿好剧好看计划,带剧达人,8
